engine,symbol,tf,profile,n_trades_batch,max_dd_%_batch,total_return_%_batch,win_rate_%_batch,profit_factor_batch,n_trades_causal,max_dd_%_causal,total_return_%_causal,win_rate_%_causal,profit_factor_causal,gate,stop
v5,BTCUSDT,H4,FAIBLE,1498,-9.5,179.8,46.3,1.91,1402,-14.8,81.8,39.4,1.52,,
v5,BTCUSDT,H4,MODERE,1498,-16.7,588.1,45.7,2.07,1402,-26.5,236.7,38.7,1.63,,
v5,BTCUSDT,H4,AGRESSIF,1498,-24.2,1055.9,45.7,2.14,1402,-35.8,354.8,38.7,1.65,,
v5,BTCUSDT,H4,TRES_AGRESSIF,1498,-24.5,1646.8,45.1,2.25,1402,-41.8,437.3,37.9,1.67,,
v5,BTCUSDT,D1,FAIBLE,24,-4.1,-4.0,29.2,0.15,17,-3.0,-2.7,23.5,0.06,,
v5,BTCUSDT,D1,MODERE,24,-7.3,-7.1,29.2,0.16,17,-6.4,-6.0,23.5,0.05,,
v5,BTCUSDT,D1,AGRESSIF,24,-9.7,-9.3,29.2,0.18,17,-9.7,-9.1,23.5,0.05,,
v5,BTCUSDT,D1,TRES_AGRESSIF,24,-13.2,-12.6,29.2,0.19,17,-14.4,-13.5,23.5,0.06,,
v5,ETHUSDT,H4,FAIBLE,1365,-12.3,247.9,46.0,2.09,1363,-12.6,88.2,37.1,1.49,,
v5,ETHUSDT,H4,MODERE,1365,-20.3,850.8,45.4,2.14,1363,-24.4,211.9,36.3,1.51,,
v5,ETHUSDT,H4,AGRESSIF,1365,-22.4,2215.3,45.4,2.25,1363,-32.1,417.5,36.3,1.57,,
v5,ETHUSDT,H4,TRES_AGRESSIF,1365,-34.6,3183.4,44.0,2.24,1363,-38.5,552.8,35.1,1.59,,
v5,ETHUSDT,D1,FAIBLE,46,-1.9,6.2,65.2,3.68,50,-1.9,4.1,42.0,1.95,,
v5,ETHUSDT,D1,MODERE,46,-5.1,13.3,65.2,3.28,50,-4.2,10.7,42.0,2.21,,
v5,ETHUSDT,D1,AGRESSIF,46,-9.2,21.4,65.2,3.0,50,-6.9,19.7,42.0,2.47,,
v5,ETHUSDT,D1,TRES_AGRESSIF,46,-16.1,34.6,56.5,2.67,50,-12.9,41.6,38.0,2.92,,
v5,BNBUSDT,H4,FAIBLE,1209,-8.0,134.7,47.4,1.89,1399,-17.2,46.3,41.2,1.37,,
v5,BNBUSDT,H4,MODERE,1209,-16.5,288.6,46.5,1.82,1399,-25.4,79.9,40.3,1.34,,
v5,BNBUSDT,H4,AGRESSIF,1209,-24.5,462.0,46.5,1.81,1399,-31.7,121.8,40.3,1.36,,
v5,BNBUSDT,H4,TRES_AGRESSIF,1209,-33.7,885.1,45.8,1.93,1399,-33.7,330.3,40.2,1.52,,
v5,BNBUSDT,D1,FAIBLE,32,-1.5,2.8,46.9,1.98,15,-2.2,-1.8,20.0,0.26,,
v5,BNBUSDT,D1,MODERE,32,-3.2,6.3,46.9,2.1,15,-4.4,-3.5,20.0,0.26,,
v5,BNBUSDT,D1,AGRESSIF,32,-5.4,10.1,46.9,2.19,15,-6.5,-5.1,20.0,0.27,,
v5,BNBUSDT,D1,TRES_AGRESSIF,32,-11.5,7.4,40.6,1.63,15,-9.3,-7.1,20.0,0.31,,
v5,SOLUSDT,H4,FAIBLE,1199,-13.7,350.8,48.5,2.47,1239,-21.2,182.0,38.8,1.79,,
v5,SOLUSDT,H4,MODERE,1199,-21.8,1652.0,47.5,2.5,1239,-35.8,603.8,37.9,1.81,,
v5,SOLUSDT,H4,AGRESSIF,1199,-27.0,4721.1,47.5,2.47,1239,-46.9,1328.3,37.9,1.82,,
v5,SOLUSDT,H4,TRES_AGRESSIF,1199,-40.4,23878.4,46.8,2.71,1239,-53.1,4093.3,37.0,1.96,,
v5,SOLUSDT,D1,FAIBLE,16,-2.5,-2.0,31.2,0.27,19,-2.5,4.2,47.4,2.56,,
v5,SOLUSDT,D1,MODERE,16,-4.8,-3.9,31.2,0.27,19,-3.7,7.3,47.4,2.46,,
v5,SOLUSDT,D1,AGRESSIF,16,-6.9,-5.5,31.2,0.28,19,-6.4,11.5,47.4,2.68,,
v5,SOLUSDT,D1,TRES_AGRESSIF,16,-9.9,-7.8,31.2,0.3,19,-10.2,26.3,47.4,3.63,,
v6,BTCUSDT,H4,FAIBLE,1094,-7.7,121.0,48.0,2.05,1028,-14.8,50.2,40.4,1.52,avec_regime,
v6,BTCUSDT,H4,FAIBLE,1498,-9.5,179.8,46.3,1.91,1402,-14.8,81.8,39.4,1.52,sans_regime,
v6,BTCUSDT,H4,MODERE,1094,-12.8,333.3,47.4,2.2,1028,-27.1,132.1,39.7,1.63,avec_regime,
v6,BTCUSDT,H4,MODERE,1498,-16.7,588.1,45.7,2.07,1402,-26.5,236.7,38.7,1.63,sans_regime,
v6,BTCUSDT,H4,AGRESSIF,1094,-20.4,486.0,47.4,2.19,1028,-37.2,171.9,39.7,1.61,avec_regime,
v6,BTCUSDT,H4,AGRESSIF,1498,-24.2,1055.9,45.7,2.14,1402,-35.8,354.8,38.7,1.65,sans_regime,
v6,BTCUSDT,H4,TRES_AGRESSIF,1094,-20.7,728.1,47.1,2.29,1028,-41.0,234.7,39.2,1.67,avec_regime,
v6,BTCUSDT,H4,TRES_AGRESSIF,1498,-24.5,1646.8,45.1,2.25,1402,-41.8,437.3,37.9,1.67,sans_regime,
v6,BTCUSDT,D1,FAIBLE,13,-1.5,-0.9,30.8,0.37,13,-1.5,-1.4,30.8,0.11,avec_regime,
v6,BTCUSDT,D1,FAIBLE,24,-4.1,-4.0,29.2,0.15,17,-3.0,-2.7,23.5,0.06,sans_regime,
v6,BTCUSDT,D1,MODERE,13,-1.9,-1.7,30.8,0.38,13,-3.0,-2.7,30.8,0.12,avec_regime,
v6,BTCUSDT,D1,MODERE,24,-7.3,-7.1,29.2,0.16,17,-6.4,-6.0,23.5,0.05,sans_regime,
v6,BTCUSDT,D1,AGRESSIF,13,-2.7,-2.3,30.8,0.4,13,-3.9,-3.5,30.8,0.13,avec_regime,
v6,BTCUSDT,D1,AGRESSIF,24,-9.7,-9.3,29.2,0.18,17,-9.7,-9.1,23.5,0.05,sans_regime,
v6,BTCUSDT,D1,TRES_AGRESSIF,13,-3.9,-3.5,30.8,0.37,13,-5.5,-4.8,30.8,0.15,avec_regime,
v6,BTCUSDT,D1,TRES_AGRESSIF,24,-13.2,-12.6,29.2,0.19,17,-14.4,-13.5,23.5,0.06,sans_regime,
v6,ETHUSDT,H4,FAIBLE,984,-6.9,151.2,47.9,2.3,997,-12.1,60.2,38.8,1.55,avec_regime,
v6,ETHUSDT,H4,FAIBLE,1365,-12.3,247.9,46.0,2.09,1363,-12.6,88.2,37.1,1.49,sans_regime,
v6,ETHUSDT,H4,MODERE,984,-13.1,529.7,47.7,2.51,997,-18.6,163.4,38.5,1.65,avec_regime,
v6,ETHUSDT,H4,MODERE,1365,-20.3,850.8,45.4,2.14,1363,-24.4,211.9,36.3,1.51,sans_regime,
v6,ETHUSDT,H4,AGRESSIF,984,-13.2,1400.9,47.7,2.77,997,-21.7,359.4,38.5,1.79,avec_regime,
v6,ETHUSDT,H4,AGRESSIF,1365,-22.4,2215.3,45.4,2.25,1363,-32.1,417.5,36.3,1.57,sans_regime,
v6,ETHUSDT,H4,TRES_AGRESSIF,984,-31.4,2233.5,46.0,2.84,997,-32.5,541.2,37.1,1.86,avec_regime,
v6,ETHUSDT,H4,TRES_AGRESSIF,1365,-34.6,3183.4,44.0,2.24,1363,-38.5,552.8,35.1,1.59,sans_regime,
v6,ETHUSDT,D1,FAIBLE,28,-1.0,3.8,71.4,5.99,30,-2.1,1.5,36.7,1.75,avec_regime,
v6,ETHUSDT,D1,FAIBLE,46,-1.9,6.2,65.2,3.68,50,-1.9,4.1,42.0,1.95,sans_regime,
v6,ETHUSDT,D1,MODERE,28,-2.3,8.3,71.4,5.34,30,-4.1,4.0,36.7,1.97,avec_regime,
v6,ETHUSDT,D1,MODERE,46,-5.1,13.3,65.2,3.28,50,-4.2,10.7,42.0,2.21,sans_regime,
v6,ETHUSDT,D1,AGRESSIF,28,-3.9,13.2,71.4,4.81,30,-6.0,7.0,36.7,2.11,avec_regime,
v6,ETHUSDT,D1,AGRESSIF,46,-9.2,21.4,65.2,3.0,50,-6.9,19.7,42.0,2.47,sans_regime,
v6,ETHUSDT,D1,TRES_AGRESSIF,28,-7.0,24.1,64.3,5.18,30,-11.5,13.1,33.3,2.25,avec_regime,
v6,ETHUSDT,D1,TRES_AGRESSIF,46,-16.1,34.6,56.5,2.67,50,-12.9,41.6,38.0,2.92,sans_regime,
v6,BNBUSDT,H4,FAIBLE,884,-8.9,79.2,46.8,1.79,1009,-13.1,16.3,40.6,1.25,avec_regime,
v6,BNBUSDT,H4,FAIBLE,1209,-8.0,134.7,47.4,1.89,1399,-17.2,46.3,41.2,1.37,sans_regime,
v6,BNBUSDT,H4,MODERE,884,-15.5,166.7,45.8,1.77,1009,-22.7,34.5,39.7,1.26,avec_regime,
v6,BNBUSDT,H4,MODERE,1209,-16.5,288.6,46.5,1.82,1399,-25.4,79.9,40.3,1.34,sans_regime,
v6,BNBUSDT,H4,AGRESSIF,884,-21.1,252.0,45.8,1.77,1009,-28.1,61.4,39.7,1.31,avec_regime,
v6,BNBUSDT,H4,AGRESSIF,1209,-24.5,462.0,46.5,1.81,1399,-31.7,121.8,40.3,1.36,sans_regime,
v6,BNBUSDT,H4,TRES_AGRESSIF,884,-30.2,443.6,44.8,1.91,1009,-30.6,177.9,39.2,1.49,avec_regime,
v6,BNBUSDT,H4,TRES_AGRESSIF,1209,-33.7,885.1,45.8,1.93,1399,-33.7,330.3,40.2,1.52,sans_regime,
v6,BNBUSDT,D1,FAIBLE,27,-1.5,3.0,48.1,2.35,12,-1.8,-1.6,16.7,0.15,avec_regime,
v6,BNBUSDT,D1,FAIBLE,32,-1.5,2.8,46.9,1.98,15,-2.2,-1.8,20.0,0.26,sans_regime,
v6,BNBUSDT,D1,MODERE,27,-3.2,6.7,48.1,2.5,12,-3.5,-3.2,16.7,0.15,avec_regime,
v6,BNBUSDT,D1,MODERE,32,-3.2,6.3,46.9,2.1,15,-4.4,-3.5,20.0,0.26,sans_regime,
v6,BNBUSDT,D1,AGRESSIF,27,-5.2,10.9,48.1,2.65,12,-5.1,-4.7,16.7,0.15,avec_regime,
v6,BNBUSDT,D1,AGRESSIF,32,-5.4,10.1,46.9,2.19,15,-6.5,-5.1,20.0,0.27,sans_regime,
v6,BNBUSDT,D1,TRES_AGRESSIF,27,-11.5,8.2,40.7,1.85,12,-7.8,-7.1,16.7,0.16,avec_regime,
v6,BNBUSDT,D1,TRES_AGRESSIF,32,-11.5,7.4,40.6,1.63,15,-9.3,-7.1,20.0,0.31,sans_regime,
v6,SOLUSDT,H4,FAIBLE,816,-6.6,200.6,51.2,2.87,847,-14.5,137.7,41.1,2.03,avec_regime,
v6,SOLUSDT,H4,FAIBLE,1199,-13.7,350.8,48.5,2.47,1239,-21.2,182.0,38.8,1.79,sans_regime,
v6,SOLUSDT,H4,MODERE,816,-15.4,672.9,50.2,2.81,847,-27.7,360.5,40.1,1.99,avec_regime,
v6,SOLUSDT,H4,MODERE,1199,-21.8,1652.0,47.5,2.5,1239,-35.8,603.8,37.9,1.81,sans_regime,
v6,SOLUSDT,H4,AGRESSIF,816,-27.4,1596.9,50.2,2.71,847,-40.7,762.7,40.1,2.01,avec_regime,
v6,SOLUSDT,H4,AGRESSIF,1199,-27.0,4721.1,47.5,2.47,1239,-46.9,1328.3,37.9,1.82,sans_regime,
v6,SOLUSDT,H4,TRES_AGRESSIF,816,-31.9,4431.3,49.3,2.84,847,-46.2,1648.2,39.0,2.1,avec_regime,
v6,SOLUSDT,H4,TRES_AGRESSIF,1199,-40.4,23878.4,46.8,2.71,1239,-53.1,4093.3,37.0,1.96,sans_regime,
v6,SOLUSDT,D1,FAIBLE,13,-1.7,-1.2,38.5,0.39,16,-2.2,4.8,56.2,3.19,avec_regime,
v6,SOLUSDT,D1,FAIBLE,16,-2.5,-2.0,31.2,0.27,19,-2.5,4.2,47.4,2.56,sans_regime,
v6,SOLUSDT,D1,MODERE,13,-3.3,-2.4,38.5,0.39,16,-3.3,8.5,56.2,3.12,avec_regime,
v6,SOLUSDT,D1,MODERE,16,-4.8,-3.9,31.2,0.27,19,-3.7,7.3,47.4,2.46,sans_regime,
v6,SOLUSDT,D1,AGRESSIF,13,-4.6,-3.2,38.5,0.41,16,-6.4,13.3,56.2,3.49,avec_regime,
v6,SOLUSDT,D1,AGRESSIF,16,-6.9,-5.5,31.2,0.28,19,-6.4,11.5,47.4,2.68,sans_regime,
v6,SOLUSDT,D1,TRES_AGRESSIF,13,-6.7,-4.5,38.5,0.44,16,-10.2,29.2,56.2,4.73,avec_regime,
v6,SOLUSDT,D1,TRES_AGRESSIF,16,-9.9,-7.8,31.2,0.3,19,-10.2,26.3,47.4,3.63,sans_regime,
v7,BTCUSDT,,FAIBLE,520,-7.0,54.9,54.0,2.6,504,-9.1,23.1,42.7,1.6,H4_valide_par_D1,H4_meme_UT
v7,BTCUSDT,,FAIBLE,1498,-9.5,179.8,46.3,1.91,1402,-14.8,81.8,39.4,1.52,H4_seul (=v6),H4_meme_UT
v7,BTCUSDT,,FAIBLE,499,-2.6,25.7,54.7,3.45,505,-3.1,15.5,42.4,2.02,H4_valide_par_D1,D1_reel
v7,BTCUSDT,,MODERE,520,-11.1,149.5,53.8,2.9,504,-13.4,61.0,42.7,1.77,H4_valide_par_D1,H4_meme_UT
v7,BTCUSDT,,MODERE,1498,-16.7,588.1,45.7,2.07,1402,-26.5,236.7,38.7,1.63,H4_seul (=v6),H4_meme_UT
v7,BTCUSDT,,MODERE,499,-5.5,59.6,54.7,3.52,505,-6.3,33.7,42.4,2.04,H4_valide_par_D1,D1_reel
v7,BTCUSDT,,AGRESSIF,520,-12.9,253.7,53.8,3.13,504,-14.7,115.8,42.7,2.01,H4_valide_par_D1,H4_meme_UT
v7,BTCUSDT,,AGRESSIF,1498,-24.2,1055.9,45.7,2.14,1402,-35.8,354.8,38.7,1.65,H4_seul (=v6),H4_meme_UT
v7,BTCUSDT,,AGRESSIF,499,-7.1,103.2,54.7,3.6,505,-8.4,55.8,42.4,2.08,H4_valide_par_D1,D1_reel
v7,BTCUSDT,,TRES_AGRESSIF,520,-18.8,347.6,53.5,3.26,504,-22.4,157.1,42.3,2.09,H4_valide_par_D1,H4_meme_UT
v7,BTCUSDT,,TRES_AGRESSIF,1498,-24.5,1646.8,45.1,2.25,1402,-41.8,437.3,37.9,1.67,H4_seul (=v6),H4_meme_UT
v7,BTCUSDT,,TRES_AGRESSIF,499,-15.4,184.3,54.1,3.56,505,-17.3,92.0,42.0,2.06,H4_valide_par_D1,D1_reel
v7,ETHUSDT,,FAIBLE,458,-4.3,70.7,59.0,3.18,417,-6.1,55.2,45.6,2.4,H4_valide_par_D1,H4_meme_UT
v7,ETHUSDT,,FAIBLE,1365,-12.3,247.9,46.0,2.09,1363,-12.6,88.2,37.1,1.49,H4_seul (=v6),H4_meme_UT
v7,ETHUSDT,,FAIBLE,459,-2.2,25.3,58.6,3.01,418,-2.8,20.9,45.0,2.41,H4_valide_par_D1,D1_reel
v7,ETHUSDT,,MODERE,458,-8.9,165.2,58.7,3.02,417,-11.7,139.0,45.3,2.44,H4_valide_par_D1,H4_meme_UT
v7,ETHUSDT,,MODERE,1365,-20.3,850.8,45.4,2.14,1363,-24.4,211.9,36.3,1.51,H4_seul (=v6),H4_meme_UT
v7,ETHUSDT,,MODERE,459,-4.3,66.7,58.6,3.36,418,-5.2,56.4,45.0,2.64,H4_valide_par_D1,D1_reel
v7,ETHUSDT,,AGRESSIF,458,-11.1,272.6,58.7,3.01,417,-16.6,249.4,45.3,2.5,H4_valide_par_D1,H4_meme_UT
v7,ETHUSDT,,AGRESSIF,1365,-22.4,2215.3,45.4,2.25,1363,-32.1,417.5,36.3,1.57,H4_seul (=v6),H4_meme_UT
v7,ETHUSDT,,AGRESSIF,459,-5.7,125.2,58.6,3.51,418,-8.4,109.9,45.0,2.78,H4_valide_par_D1,D1_reel
v7,ETHUSDT,,TRES_AGRESSIF,458,-30.7,393.1,57.9,2.99,417,-33.6,355.4,43.6,2.47,H4_valide_par_D1,H4_meme_UT
v7,ETHUSDT,,TRES_AGRESSIF,1365,-34.6,3183.4,44.0,2.24,1363,-38.5,552.8,35.1,1.59,H4_seul (=v6),H4_meme_UT
v7,ETHUSDT,,TRES_AGRESSIF,459,-16.9,250.4,57.7,3.5,418,-18.3,220.6,43.3,2.79,H4_valide_par_D1,D1_reel
v7,BNBUSDT,,FAIBLE,499,-6.0,49.4,51.5,2.12,544,-12.6,17.0,42.1,1.41,H4_valide_par_D1,H4_meme_UT
v7,BNBUSDT,,FAIBLE,1209,-8.0,134.7,47.4,1.89,1399,-17.2,46.3,41.2,1.37,H4_seul (=v6),H4_meme_UT
v7,BNBUSDT,,FAIBLE,498,-3.2,18.7,50.6,2.04,543,-5.6,7.0,41.8,1.4,H4_valide_par_D1,D1_reel
v7,BNBUSDT,,MODERE,499,-13.2,113.5,50.7,2.1,544,-20.1,26.6,41.4,1.35,H4_valide_par_D1,H4_meme_UT
v7,BNBUSDT,,MODERE,1209,-16.5,288.6,46.5,1.82,1399,-25.4,79.9,40.3,1.34,H4_seul (=v6),H4_meme_UT
v7,BNBUSDT,,MODERE,498,-7.7,39.4,50.6,1.94,543,-10.8,11.8,41.8,1.33,H4_valide_par_D1,D1_reel
v7,BNBUSDT,,AGRESSIF,499,-18.6,141.7,50.7,1.95,544,-23.5,32.6,41.4,1.32,H4_valide_par_D1,H4_meme_UT
v7,BNBUSDT,,AGRESSIF,1209,-24.5,462.0,46.5,1.81,1399,-31.7,121.8,40.3,1.36,H4_seul (=v6),H4_meme_UT
v7,BNBUSDT,,AGRESSIF,498,-13.3,65.6,50.6,1.93,543,-15.9,17.9,41.8,1.31,H4_valide_par_D1,D1_reel
v7,BNBUSDT,,TRES_AGRESSIF,499,-20.6,204.6,49.7,2.04,544,-31.9,57.3,40.4,1.42,H4_valide_par_D1,H4_meme_UT
v7,BNBUSDT,,TRES_AGRESSIF,1209,-33.7,885.1,45.8,1.93,1399,-33.7,330.3,40.2,1.52,H4_seul (=v6),H4_meme_UT
v7,BNBUSDT,,TRES_AGRESSIF,498,-21.1,125.5,49.6,2.03,543,-24.9,24.7,40.9,1.3,H4_valide_par_D1,D1_reel
v7,SOLUSDT,,FAIBLE,341,-5.8,17.9,56.3,1.78,361,-8.7,24.5,41.6,1.82,H4_valide_par_D1,H4_meme_UT
v7,SOLUSDT,,FAIBLE,1199,-13.7,350.8,48.5,2.47,1239,-21.2,182.0,38.8,1.79,H4_seul (=v6),H4_meme_UT
v7,SOLUSDT,,FAIBLE,336,-7.9,5.5,54.5,1.5,361,-3.6,6.9,41.0,1.54,H4_valide_par_D1,D1_reel
v7,SOLUSDT,,MODERE,341,-9.1,37.8,55.4,1.77,361,-17.9,63.0,41.3,1.92,H4_valide_par_D1,H4_meme_UT
v7,SOLUSDT,,MODERE,1199,-21.8,1652.0,47.5,2.5,1239,-35.8,603.8,37.9,1.81,H4_seul (=v6),H4_meme_UT
v7,SOLUSDT,,MODERE,336,-9.9,7.6,54.5,1.35,361,-8.6,16.4,41.0,1.59,H4_valide_par_D1,D1_reel
v7,SOLUSDT,,AGRESSIF,341,-17.4,52.8,55.4,1.67,361,-24.2,120.2,41.3,2.03,H4_valide_par_D1,H4_meme_UT
v7,SOLUSDT,,AGRESSIF,1199,-27.0,4721.1,47.5,2.47,1239,-46.9,1328.3,37.9,1.82,H4_seul (=v6),H4_meme_UT
v7,SOLUSDT,,AGRESSIF,336,-12.7,8.0,54.5,1.25,361,-13.0,29.4,41.0,1.66,H4_valide_par_D1,D1_reel
v7,SOLUSDT,,TRES_AGRESSIF,341,-22.0,75.8,54.8,1.64,361,-42.7,228.2,40.4,2.15,H4_valide_par_D1,H4_meme_UT
v7,SOLUSDT,,TRES_AGRESSIF,1199,-40.4,23878.4,46.8,2.71,1239,-53.1,4093.3,37.0,1.96,H4_seul (=v6),H4_meme_UT
v7,SOLUSDT,,TRES_AGRESSIF,336,-17.5,11.4,53.9,1.23,361,-26.3,58.2,40.2,1.72,H4_valide_par_D1,D1_reel
