symbol,profile,year,n_bars,d1_channel_coverage_%,ema_atr_d1_n_trades,ema_atr_d1_max_dd_%,ema_atr_d1_total_return_%,ema_atr_d1_win_rate_%,ema_atr_d1_profit_factor,manual_channel_d1_n_trades,manual_channel_d1_max_dd_%,manual_channel_d1_total_return_%,manual_channel_d1_win_rate_%,manual_channel_d1_profit_factor
BTCUSDT,FAIBLE,2019,686,99.61,0,0.0,0.0,,,0,0.0,0.0,,
BTCUSDT,FAIBLE,2020,2196,99.61,60,-1.5,5.8,61.7,3.85,68,-3.4,12.0,50.0,5.07
BTCUSDT,FAIBLE,2021,2190,99.61,63,-0.8,0.1,47.6,1.18,65,-2.8,-0.1,43.1,1.13
BTCUSDT,FAIBLE,2022,2190,99.61,4,-0.2,-0.2,25.0,0.04,4,-0.2,-0.2,25.0,0.04
BTCUSDT,FAIBLE,2023,2190,99.61,57,-1.6,-0.1,28.1,1.04,73,-6.4,-3.2,23.3,0.74
BTCUSDT,FAIBLE,2024,2196,99.61,74,-1.9,-0.9,31.1,0.83,83,-6.6,-4.3,30.1,0.63
BTCUSDT,FAIBLE,2025,2190,99.61,18,-1.0,-0.6,22.2,0.47,24,-1.9,-0.3,12.5,1.2
BTCUSDT,FAIBLE,2026,1522,99.61,0,0.0,0.0,,,0,0.0,0.0,,
BTCUSDT,MODERE,2019,686,99.61,0,0.0,0.0,,,0,0.0,0.0,,
BTCUSDT,MODERE,2020,2196,99.61,60,-2.7,14.6,61.7,5.39,68,-4.2,20.9,50.0,4.81
BTCUSDT,MODERE,2021,2190,99.61,63,-1.6,0.1,47.6,1.18,65,-4.7,0.3,43.1,1.18
BTCUSDT,MODERE,2022,2190,99.61,4,-0.3,-0.3,25.0,0.04,4,-0.3,-0.3,25.0,0.04
BTCUSDT,MODERE,2023,2190,99.61,57,-3.8,-0.5,28.1,1.01,73,-8.2,-4.9,23.3,0.67
BTCUSDT,MODERE,2024,2196,99.61,74,-3.6,-1.4,31.1,0.88,83,-10.9,-6.7,28.9,0.66
BTCUSDT,MODERE,2025,2190,99.61,18,-1.9,-1.2,22.2,0.47,24,-2.4,-0.7,12.5,0.94
BTCUSDT,MODERE,2026,1522,99.61,0,0.0,0.0,,,0,0.0,0.0,,
BTCUSDT,AGRESSIF,2019,686,99.61,0,0.0,0.0,,,0,0.0,0.0,,
BTCUSDT,AGRESSIF,2020,2196,99.61,60,-5.3,25.2,61.7,6.46,68,-6.7,31.8,50.0,5.12
BTCUSDT,AGRESSIF,2021,2190,99.61,63,-2.3,0.2,47.6,1.18,65,-6.9,0.5,43.1,1.17
BTCUSDT,AGRESSIF,2022,2190,99.61,4,-0.5,-0.5,25.0,0.04,4,-0.5,-0.5,25.0,0.04
BTCUSDT,AGRESSIF,2023,2190,99.61,57,-6.9,-1.2,28.1,0.97,73,-8.9,-5.4,20.5,0.68
BTCUSDT,AGRESSIF,2024,2196,99.61,74,-5.0,-1.4,31.1,0.95,83,-13.2,-8.3,28.9,0.67
BTCUSDT,AGRESSIF,2025,2190,99.61,18,-2.7,-1.6,22.2,0.5,24,-2.9,-1.0,12.5,0.79
BTCUSDT,AGRESSIF,2026,1522,99.61,0,0.0,0.0,,,0,0.0,0.0,,
BTCUSDT,TRES_AGRESSIF,2019,686,99.61,0,0.0,0.0,,,0,0.0,0.0,,
BTCUSDT,TRES_AGRESSIF,2020,2196,99.61,65,-18.3,17.1,56.9,1.76,73,-10.7,52.3,46.6,5.54
BTCUSDT,TRES_AGRESSIF,2021,2190,99.61,63,-3.8,0.3,47.6,1.19,65,-10.3,-0.8,43.1,1.05
BTCUSDT,TRES_AGRESSIF,2022,2190,99.61,4,-0.9,-0.9,25.0,0.04,4,-0.9,-0.8,25.0,0.04
BTCUSDT,TRES_AGRESSIF,2023,2190,99.61,59,-10.2,0.0,27.1,1.11,74,-7.6,-2.8,20.3,0.94
BTCUSDT,TRES_AGRESSIF,2024,2196,99.61,74,-8.8,-3.4,29.7,0.85,83,-14.4,-7.7,28.9,0.74
BTCUSDT,TRES_AGRESSIF,2025,2190,99.61,18,-3.8,-2.3,22.2,0.45,24,-3.1,-1.2,12.5,0.73
BTCUSDT,TRES_AGRESSIF,2026,1522,99.61,0,0.0,0.0,,,0,0.0,0.0,,
ETHUSDT,FAIBLE,2019,209,99.6,0,0.0,0.0,,,0,0.0,0.0,,
ETHUSDT,FAIBLE,2020,2196,99.6,60,-0.9,1.4,38.3,2.0,61,-2.9,9.7,37.7,3.61
ETHUSDT,FAIBLE,2021,2190,99.6,90,-3.1,-1.1,40.0,0.77,95,-7.9,2.5,29.5,1.57
ETHUSDT,FAIBLE,2022,2190,99.6,8,-0.7,-0.7,50.0,0.05,8,-1.8,-0.2,37.5,0.19
ETHUSDT,FAIBLE,2023,2190,99.6,20,-0.8,1.2,40.0,2.47,37,-3.2,1.6,18.9,2.48
ETHUSDT,FAIBLE,2024,2196,99.6,65,-2.0,0.5,32.3,1.29,72,-3.5,-1.4,25.0,0.88
ETHUSDT,FAIBLE,2025,2190,99.6,25,-0.9,2.0,40.0,3.73,35,-7.4,-0.7,11.4,1.01
ETHUSDT,FAIBLE,2026,1522,99.6,3,-0.1,0.0,66.7,4.23,3,-0.4,0.2,66.7,4.08
ETHUSDT,MODERE,2019,209,99.6,0,0.0,0.0,,,0,0.0,0.0,,
ETHUSDT,MODERE,2020,2196,99.6,60,-1.9,2.8,38.3,2.02,61,-5.3,17.7,37.7,3.63
ETHUSDT,MODERE,2021,2190,99.6,90,-8.3,-3.8,40.0,0.65,95,-13.5,0.3,29.5,1.14
ETHUSDT,MODERE,2022,2190,99.6,8,-1.4,-1.3,50.0,0.05,8,-1.9,-0.2,37.5,0.3
ETHUSDT,MODERE,2023,2190,99.6,20,-2.4,2.8,40.0,2.69,37,-4.4,2.6,18.9,2.58
ETHUSDT,MODERE,2024,2196,99.6,65,-3.7,2.2,32.3,1.57,72,-4.7,0.0,25.0,1.16
ETHUSDT,MODERE,2025,2190,99.6,25,-2.6,5.2,40.0,4.5,35,-8.9,4.4,11.4,1.74
ETHUSDT,MODERE,2026,1522,99.6,3,-0.1,0.1,66.7,4.23,3,-0.4,0.2,66.7,4.08
ETHUSDT,AGRESSIF,2019,209,99.6,0,0.0,0.0,,,0,0.0,0.0,,
ETHUSDT,AGRESSIF,2020,2196,99.6,60,-2.8,4.6,38.3,2.11,61,-5.5,19.7,37.7,3.1
ETHUSDT,AGRESSIF,2021,2190,99.6,90,-15.1,-7.9,40.0,0.58,95,-20.4,-3.4,29.5,0.95
ETHUSDT,AGRESSIF,2022,2190,99.6,8,-2.0,-1.8,50.0,0.05,8,-2.0,-0.2,37.5,0.38
ETHUSDT,AGRESSIF,2023,2190,99.6,20,-4.7,4.6,40.0,2.83,37,-5.3,2.7,16.2,2.48
ETHUSDT,AGRESSIF,2024,2196,99.6,65,-5.3,4.6,32.3,1.79,72,-6.2,2.1,25.0,1.39
ETHUSDT,AGRESSIF,2025,2190,99.6,25,-5.0,9.2,40.0,5.09,35,-9.3,11.9,11.4,2.56
ETHUSDT,AGRESSIF,2026,1522,99.6,3,-0.2,0.1,66.7,4.23,3,-0.4,0.2,66.7,4.08
ETHUSDT,TRES_AGRESSIF,2019,209,99.6,0,0.0,0.0,,,0,0.0,0.0,,
ETHUSDT,TRES_AGRESSIF,2020,2196,99.6,60,-5.4,5.6,36.7,1.84,61,-9.7,12.9,36.1,2.02
ETHUSDT,TRES_AGRESSIF,2021,2190,99.6,91,-23.9,-13.9,38.5,0.55,96,-29.5,-14.6,28.1,0.67
ETHUSDT,TRES_AGRESSIF,2022,2190,99.6,8,-2.1,-1.9,50.0,0.08,8,-2.1,-0.3,37.5,0.49
ETHUSDT,TRES_AGRESSIF,2023,2190,99.6,21,-7.4,8.9,38.1,3.26,37,-5.3,2.6,16.2,2.42
ETHUSDT,TRES_AGRESSIF,2024,2196,99.6,68,-8.5,11.2,30.9,2.14,75,-9.2,7.4,24.0,1.74
ETHUSDT,TRES_AGRESSIF,2025,2190,99.6,28,-8.0,19.7,35.7,6.32,38,-13.1,31.6,10.5,4.63
ETHUSDT,TRES_AGRESSIF,2026,1522,99.6,3,-0.3,0.2,66.7,4.23,3,-0.4,0.2,66.7,4.08
BNBUSDT,FAIBLE,2020,1954,97.84,10,-0.7,0.5,50.0,2.38,10,-1.1,1.0,30.0,2.72
BNBUSDT,FAIBLE,2021,2190,97.84,79,-1.2,3.3,53.2,2.9,103,-5.6,6.5,43.7,1.72
BNBUSDT,FAIBLE,2022,2190,97.84,3,-0.2,0.1,66.7,1.67,3,-0.2,0.1,66.7,1.71
BNBUSDT,FAIBLE,2023,2190,97.84,25,-1.1,-0.7,36.0,0.55,29,-2.9,-1.2,24.1,0.81
BNBUSDT,FAIBLE,2024,2196,97.84,110,-3.5,-1.0,37.3,0.89,126,-9.9,-2.0,28.6,1.0
BNBUSDT,FAIBLE,2025,2190,97.84,49,-1.2,6.3,46.9,4.54,102,-4.1,10.3,31.4,3.21
BNBUSDT,FAIBLE,2026,1522,97.84,0,0.0,0.0,,,0,0.0,0.0,,
BNBUSDT,MODERE,2020,1954,97.84,10,-1.3,0.9,50.0,2.38,10,-2.2,2.3,30.0,2.93
BNBUSDT,MODERE,2021,2190,97.84,79,-2.4,7.0,53.2,3.0,103,-8.9,10.4,43.7,1.68
BNBUSDT,MODERE,2022,2190,97.84,3,-0.3,0.2,66.7,1.67,3,-0.4,0.2,66.7,1.71
BNBUSDT,MODERE,2023,2190,97.84,25,-2.2,-1.5,36.0,0.55,29,-4.1,-2.5,24.1,0.58
BNBUSDT,MODERE,2024,2196,97.84,110,-7.1,-1.5,37.3,0.94,126,-15.3,-1.5,28.6,1.07
BNBUSDT,MODERE,2025,2190,97.84,49,-3.5,15.3,46.9,5.17,102,-4.6,19.4,30.4,3.78
BNBUSDT,MODERE,2026,1522,97.84,0,0.0,0.0,,,0,0.0,0.0,,
BNBUSDT,AGRESSIF,2020,1954,97.84,10,-2.0,1.4,50.0,2.38,10,-3.2,3.5,30.0,3.01
BNBUSDT,AGRESSIF,2021,2190,97.84,79,-3.6,10.8,53.2,3.03,103,-10.5,16.1,42.7,1.8
BNBUSDT,AGRESSIF,2022,2190,97.84,3,-0.5,0.3,66.7,1.67,3,-0.6,0.4,66.7,1.71
BNBUSDT,AGRESSIF,2023,2190,97.84,25,-3.3,-2.2,36.0,0.55,29,-4.2,-2.5,24.1,0.59
BNBUSDT,AGRESSIF,2024,2196,97.84,110,-10.5,-1.8,37.3,0.97,126,-18.3,-3.8,28.6,0.98
BNBUSDT,AGRESSIF,2025,2190,97.84,49,-6.9,26.2,46.9,5.55,102,-6.0,23.9,29.4,3.56
BNBUSDT,AGRESSIF,2026,1522,97.84,0,0.0,0.0,,,0,0.0,0.0,,
BNBUSDT,TRES_AGRESSIF,2020,1954,97.84,10,-3.3,2.3,50.0,2.36,10,-4.5,4.5,30.0,2.73
BNBUSDT,TRES_AGRESSIF,2021,2190,97.84,81,-5.9,20.5,51.9,3.21,105,-12.0,38.5,41.9,2.36
BNBUSDT,TRES_AGRESSIF,2022,2190,97.84,3,-0.8,0.4,66.7,1.67,3,-1.0,0.6,66.7,1.71
BNBUSDT,TRES_AGRESSIF,2023,2190,97.84,25,-4.4,-3.1,36.0,0.53,29,-4.3,-2.4,24.1,0.63
BNBUSDT,TRES_AGRESSIF,2024,2196,97.84,113,-16.8,-0.8,36.3,1.07,129,-19.5,-2.6,27.9,1.04
BNBUSDT,TRES_AGRESSIF,2025,2190,97.84,55,-8.7,50.1,41.8,5.81,105,-7.8,29.9,28.6,3.53
BNBUSDT,TRES_AGRESSIF,2026,1522,97.84,0,0.0,0.0,,,0,0.0,0.0,,
SOLUSDT,FAIBLE,2020,653,99.54,0,0.0,0.0,,,0,0.0,0.0,,
SOLUSDT,FAIBLE,2021,2190,99.54,28,-0.6,1.5,50.0,2.48,38,-3.8,27.6,34.2,34.78
SOLUSDT,FAIBLE,2022,2190,99.54,0,0.0,0.0,,,0,0.0,0.0,,
SOLUSDT,FAIBLE,2023,2190,99.54,32,-0.7,6.2,62.5,19.81,38,-5.5,50.5,47.4,30.29
SOLUSDT,FAIBLE,2024,2196,99.54,61,-1.5,-0.6,42.6,0.78,70,-8.5,-0.4,37.1,1.11
SOLUSDT,FAIBLE,2025,2190,99.54,38,-0.7,1.1,36.8,2.24,39,-2.2,2.0,33.3,1.8
SOLUSDT,FAIBLE,2026,1522,99.54,0,0.0,0.0,,,0,0.0,0.0,,
SOLUSDT,MODERE,2020,653,99.54,0,0.0,0.0,,,0,0.0,0.0,,
SOLUSDT,MODERE,2021,2190,99.54,28,-1.1,3.4,50.0,2.66,38,-4.1,34.2,34.2,31.4
SOLUSDT,MODERE,2022,2190,99.54,0,0.0,0.0,,,0,0.0,0.0,,
SOLUSDT,MODERE,2023,2190,99.54,32,-2.1,14.8,62.5,22.56,38,-9.5,91.8,47.4,31.27
SOLUSDT,MODERE,2024,2196,99.54,61,-3.5,-1.8,42.6,0.71,70,-9.8,-1.9,34.3,0.91
SOLUSDT,MODERE,2025,2190,99.54,38,-1.4,2.1,36.8,2.24,39,-3.0,4.6,33.3,2.15
SOLUSDT,MODERE,2026,1522,99.54,0,0.0,0.0,,,0,0.0,0.0,,
SOLUSDT,AGRESSIF,2020,653,99.54,0,0.0,0.0,,,0,0.0,0.0,,
SOLUSDT,AGRESSIF,2021,2190,99.54,28,-1.7,5.6,50.0,2.78,38,-4.5,39.4,34.2,28.39
SOLUSDT,AGRESSIF,2022,2190,99.54,0,0.0,0.0,,,0,0.0,0.0,,
SOLUSDT,AGRESSIF,2023,2190,99.54,32,-4.1,25.1,62.5,24.42,38,-13.1,122.5,47.4,28.93
SOLUSDT,AGRESSIF,2024,2196,99.54,61,-6.5,-2.8,42.6,0.74,70,-12.4,-3.2,34.3,0.86
SOLUSDT,AGRESSIF,2025,2190,99.54,38,-2.1,3.2,36.8,2.24,39,-3.9,7.4,33.3,2.36
SOLUSDT,AGRESSIF,2026,1522,99.54,0,0.0,0.0,,,0,0.0,0.0,,
SOLUSDT,TRES_AGRESSIF,2020,653,99.54,0,0.0,0.0,,,0,0.0,0.0,,
SOLUSDT,TRES_AGRESSIF,2021,2190,99.54,29,-2.8,10.8,48.3,3.06,39,-6.8,50.9,33.3,25.27
SOLUSDT,TRES_AGRESSIF,2022,2190,99.54,0,0.0,0.0,,,0,0.0,0.0,,
SOLUSDT,TRES_AGRESSIF,2023,2190,99.54,38,-6.7,54.0,52.6,25.12,44,-15.9,191.7,40.9,24.93
SOLUSDT,TRES_AGRESSIF,2024,2196,99.54,61,-14.1,-9.2,39.3,0.42,70,-16.5,-8.5,31.4,0.6
SOLUSDT,TRES_AGRESSIF,2025,2190,99.54,38,-3.4,5.5,36.8,2.3,39,-5.9,7.9,33.3,2.16
SOLUSDT,TRES_AGRESSIF,2026,1522,99.54,0,0.0,0.0,,,0,0.0,0.0,,
