symbol,profile,squeeze,lifetime,n_trades,max_dd_%,total_return_%,win_rate_%,profit_factor,squeeze_armed_seen,squeeze_orders,squeeze_fills
BTCUSDT,FAIBLE,off,0,492,-9.8,21.9,43.1,1.57,,,
BTCUSDT,FAIBLE,on,10,492,-9.8,21.9,43.1,1.57,1.0,0.0,0.0
BTCUSDT,FAIBLE,on,30,492,-9.8,21.9,43.1,1.57,1.0,0.0,0.0
BTCUSDT,FAIBLE,on,90,492,-9.8,21.9,43.1,1.57,1.0,0.0,0.0
BTCUSDT,MODERE,off,0,492,-14.2,57.7,42.9,1.74,,,
BTCUSDT,MODERE,on,10,492,-14.2,57.7,42.9,1.74,1.0,0.0,0.0
BTCUSDT,MODERE,on,30,492,-14.2,57.7,42.9,1.74,1.0,0.0,0.0
BTCUSDT,MODERE,on,90,492,-14.2,57.7,42.9,1.74,1.0,0.0,0.0
BTCUSDT,AGRESSIF,off,0,492,-15.5,106.9,42.9,1.95,,,
BTCUSDT,AGRESSIF,on,10,492,-15.5,106.9,42.9,1.95,1.0,0.0,0.0
BTCUSDT,AGRESSIF,on,30,492,-15.5,106.9,42.9,1.95,1.0,0.0,0.0
BTCUSDT,AGRESSIF,on,90,492,-15.5,106.9,42.9,1.95,1.0,0.0,0.0
BTCUSDT,TRES_AGRESSIF,off,0,492,-22.8,147.8,42.5,2.05,,,
BTCUSDT,TRES_AGRESSIF,on,10,492,-22.8,147.8,42.5,2.05,1.0,0.0,0.0
BTCUSDT,TRES_AGRESSIF,on,30,492,-22.8,147.8,42.5,2.05,1.0,0.0,0.0
BTCUSDT,TRES_AGRESSIF,on,90,492,-22.8,147.8,42.5,2.05,1.0,0.0,0.0
ETHUSDT,FAIBLE,off,0,427,-6.5,38.9,46.1,2.06,,,
ETHUSDT,FAIBLE,on,10,427,-6.5,38.9,46.1,2.06,1.0,0.0,0.0
ETHUSDT,FAIBLE,on,30,427,-6.5,38.9,46.1,2.06,1.0,0.0,0.0
ETHUSDT,FAIBLE,on,90,427,-6.5,38.9,46.1,2.06,1.0,0.0,0.0
ETHUSDT,MODERE,off,0,427,-14.3,94.5,45.9,2.09,,,
ETHUSDT,MODERE,on,10,427,-14.3,94.5,45.9,2.09,1.0,0.0,0.0
ETHUSDT,MODERE,on,30,427,-14.3,94.5,45.9,2.09,1.0,0.0,0.0
ETHUSDT,MODERE,on,90,427,-14.3,94.5,45.9,2.09,1.0,0.0,0.0
ETHUSDT,AGRESSIF,off,0,427,-19.5,161.9,45.9,2.14,,,
ETHUSDT,AGRESSIF,on,10,427,-19.5,161.9,45.9,2.14,1.0,0.0,0.0
ETHUSDT,AGRESSIF,on,30,427,-19.5,161.9,45.9,2.14,1.0,0.0,0.0
ETHUSDT,AGRESSIF,on,90,427,-19.5,161.9,45.9,2.14,1.0,0.0,0.0
ETHUSDT,TRES_AGRESSIF,off,0,427,-32.0,200.5,44.3,2.05,,,
ETHUSDT,TRES_AGRESSIF,on,10,427,-32.0,200.5,44.3,2.05,1.0,0.0,0.0
ETHUSDT,TRES_AGRESSIF,on,30,427,-32.0,200.5,44.3,2.05,1.0,0.0,0.0
ETHUSDT,TRES_AGRESSIF,on,90,427,-32.0,200.5,44.3,2.05,1.0,0.0,0.0
BNBUSDT,FAIBLE,off,0,525,-12.5,20.5,42.7,1.48,,,
BNBUSDT,FAIBLE,on,10,525,-12.5,20.5,42.7,1.48,0.0,0.0,0.0
BNBUSDT,FAIBLE,on,30,525,-12.5,20.5,42.7,1.48,0.0,0.0,0.0
BNBUSDT,FAIBLE,on,90,525,-12.5,20.5,42.7,1.48,0.0,0.0,0.0
BNBUSDT,MODERE,off,0,525,-19.6,33.7,41.9,1.42,,,
BNBUSDT,MODERE,on,10,525,-19.6,33.7,41.9,1.42,0.0,0.0,0.0
BNBUSDT,MODERE,on,30,525,-19.6,33.7,41.9,1.42,0.0,0.0,0.0
BNBUSDT,MODERE,on,90,525,-19.6,33.7,41.9,1.42,0.0,0.0,0.0
BNBUSDT,AGRESSIF,off,0,525,-24.1,40.5,41.9,1.38,,,
BNBUSDT,AGRESSIF,on,10,525,-24.1,40.5,41.9,1.38,0.0,0.0,0.0
BNBUSDT,AGRESSIF,on,30,525,-24.1,40.5,41.9,1.38,0.0,0.0,0.0
BNBUSDT,AGRESSIF,on,90,525,-24.1,40.5,41.9,1.38,0.0,0.0,0.0
BNBUSDT,TRES_AGRESSIF,off,0,525,-32.5,65.6,41.0,1.46,,,
BNBUSDT,TRES_AGRESSIF,on,10,525,-32.5,65.6,41.0,1.46,0.0,0.0,0.0
BNBUSDT,TRES_AGRESSIF,on,30,525,-32.5,65.6,41.0,1.46,0.0,0.0,0.0
BNBUSDT,TRES_AGRESSIF,on,90,525,-32.5,65.6,41.0,1.46,0.0,0.0,0.0
SOLUSDT,FAIBLE,off,0,339,-8.4,23.0,39.8,1.77,,,
SOLUSDT,FAIBLE,on,10,338,-8.4,23.1,39.6,1.77,14.0,1.0,1.0
SOLUSDT,FAIBLE,on,30,338,-8.4,23.1,39.6,1.77,14.0,1.0,1.0
SOLUSDT,FAIBLE,on,90,338,-8.4,23.1,39.6,1.77,14.0,1.0,1.0
SOLUSDT,MODERE,off,0,339,-17.4,55.0,39.5,1.83,,,
SOLUSDT,MODERE,on,10,338,-17.3,55.2,39.3,1.83,14.0,1.0,1.0
SOLUSDT,MODERE,on,30,338,-17.3,55.2,39.3,1.83,14.0,1.0,1.0
SOLUSDT,MODERE,on,90,338,-17.3,55.2,39.3,1.83,14.0,1.0,1.0
SOLUSDT,AGRESSIF,off,0,339,-24.4,97.8,39.5,1.9,,,
SOLUSDT,AGRESSIF,on,10,338,-24.1,98.4,39.3,1.91,14.0,1.0,1.0
SOLUSDT,AGRESSIF,on,30,338,-24.1,98.4,39.3,1.91,14.0,1.0,1.0
SOLUSDT,AGRESSIF,on,90,338,-24.1,98.4,39.3,1.91,14.0,1.0,1.0
SOLUSDT,TRES_AGRESSIF,off,0,339,-37.7,196.5,38.9,2.07,,,
SOLUSDT,TRES_AGRESSIF,on,10,338,-37.5,197.4,38.8,2.08,14.0,1.0,1.0
SOLUSDT,TRES_AGRESSIF,on,30,338,-37.5,197.4,38.8,2.08,14.0,1.0,1.0
SOLUSDT,TRES_AGRESSIF,on,90,338,-37.5,197.4,38.8,2.08,14.0,1.0,1.0
